<?xml version="1.0" encoding="UTF-8"?>
<!DOCTYPE mapper PUBLIC "-//mybatis.org//DTD Mapper 3.0//EN" "http://mybatis.org/dtd/mybatis-3-mapper.dtd">
<mapper namespace="com.lqy.ssm.dao.UserMapper">

  <resultMap id="BaseResultMap" type="com.lqy.ssm.bean.User">
    <id column="user_id" jdbcType="BIGINT" property="userId" />
    <result column="age" jdbcType="INTEGER" property="age" />
    <result column="email" jdbcType="VARCHAR" property="email" />
    <result column="user_name" jdbcType="VARCHAR" property="userName" />
  </resultMap>
  
  <select id="getById" parameterType="java.lang.Long" resultMap="BaseResultMap">
    select * from user
    where user_id = #{userId}
  </select>
  
</mapper>