<?xml version="1.0" encoding="UTF-8" ?>
<!DOCTYPE configuration
  PUBLIC "-//mybatis.org//DTD Config 3.0//EN"
  "http://mybatis.org/dtd/mybatis-3-config.dtd">
  
<configuration>

	<settings>
		<!-- 设置驼峰命名 -->
		<setting name="mapUnderscoreToCamelCase" value="true"/>
	</settings>
	
	<!-- 设置别名 -->
	<!-- <typeAliases>
		<package name="com.lqy.ssm.bean"/>
	</typeAliases> -->
	
	<!--
	    plugins在配置文件中的位置必须符合要求，否则会报错，顺序如下:
	    properties?, settings?,
	    typeAliases?, typeHandlers?,
	    objectFactory?,objectWrapperFactory?,
	    plugins?,
	    environments?, databaseIdProvider?, mappers?
	-->
	<plugins>
	    <!-- com.github.pagehelper为PageHelper类所在包名 -->
	    <plugin interceptor="com.github.pagehelper.PageInterceptor">
	        <!-- 使用下面的方式配置参数，后面会有所有的参数介绍 -->
	        <!-- <property name="param1" value="value1"/> -->
		</plugin>
	</plugins>
	
	
</configuration>