<?xml version="1.0" encoding="UTF-8"?>
<beans xmlns="http://www.springframework.org/schema/beans"
	xmlns:xsi="http://www.w3.org/2001/XMLSchema-instance"
	xmlns:context="http://www.springframework.org/schema/context"
	xmlns:mvc="http://www.springframework.org/schema/mvc"
	xsi:schemaLocation="http://www.springframework.org/schema/beans http://www.springframework.org/schema/beans/spring-beans.xsd
		http://www.springframework.org/schema/context http://www.springframework.org/schema/context/spring-context-4.3.xsd
		http://www.springframework.org/schema/mvc http://www.springframework.org/schema/mvc/spring-mvc-4.3.xsd">

	<!-- use-default-filters设置为false关闭默认扫描 -->
	<context:component-scan base-package="com.lqy.ssm" use-default-filters="false">
		<context:include-filter type="annotation" expression="org.springframework.stereotype.Controller"/>
	</context:component-scan>
	
	<!-- 视图解析器 -->
	<mvc:view-resolvers>
		<mvc:jsp prefix="/WEB-INF/jsp/" suffix=".jsp"/>
	</mvc:view-resolvers>
	
	<!-- 支持对象与json的转换 -->
	<!-- <mvc:annotation-driven /> -->
	<mvc:annotation-driven>
		<!-- conversion-service="conversionService" -->
		<mvc:message-converters>
			<!-- UTF-8字符格式化 -->
			<bean class="org.springframework.http.converter.StringHttpMessageConverter">
				<property name="supportedMediaTypes">
					<list>
						<value>application/json;charset=UTF-8</value>
						<value>application/xml;charset=UTF-8</value>
						<value>text/html;charset=UTF-8</value>
						<value>text/plain;charset=UTF-8</value>
				        <value>text/xml;charset=UTF-8</value>
					</list>
				</property>
			</bean>

			<!-- 处理responseBody 里面日期类型 -->
			<bean
				class="org.springframework.http.converter.json.MappingJackson2HttpMessageConverter">
				<property name="objectMapper">
					<bean class="com.fasterxml.jackson.databind.ObjectMapper">
						<property name="dateFormat">
							<bean class="java.text.SimpleDateFormat">
								<constructor-arg type="java.lang.String" value="yyyy-MM-dd HH:mm:ss" />
							</bean>
						</property>
					</bean>
				</property>
			</bean>
		</mvc:message-converters>
	</mvc:annotation-driven>
	
	<!-- 将springMvc不能处理的请求交给tomcat -->
	<mvc:default-servlet-handler/>
	
	<!-- 配置文件上传 -->
	<bean id="multipartResolver"
		class="org.springframework.web.multipart.commons.CommonsMultipartResolver">
		<property name="defaultEncoding">
			<value>UTF-8</value>
		</property>
		<property name="maxUploadSize">
			<value>32505856</value>		<!-- 上传文件大小限制为31M，31*1024*1024 -->
		</property>
		<property name="maxInMemorySize">
			<value>4096</value>
		</property>
	</bean>
	
	
	

</beans>
