<?xml version="1.0" encoding="UTF-8"?>
<beans xmlns="http://www.springframework.org/schema/beans"
	xmlns:xsi="http://www.w3.org/2001/XMLSchema-instance"
	xmlns:aop="http://www.springframework.org/schema/aop"
	xmlns:context="http://www.springframework.org/schema/context"
	xmlns:mybatis-spring="http://mybatis.org/schema/mybatis-spring"
	xmlns:p="http://www.springframework.org/schema/p"
	xmlns:tx="http://www.springframework.org/schema/tx"
	xsi:schemaLocation="http://www.springframework.org/schema/beans http://www.springframework.org/schema/beans/spring-beans.xsd
		http://www.springframework.org/schema/aop http://www.springframework.org/schema/aop/spring-aop-4.3.xsd
		http://www.springframework.org/schema/context http://www.springframework.org/schema/context/spring-context-4.3.xsd
		http://mybatis.org/schema/mybatis-spring http://mybatis.org/schema/mybatis-spring-1.2.xsd
		http://www.springframework.org/schema/tx http://www.springframework.org/schema/tx/spring-tx-4.3.xsd">

	<context:property-placeholder location="classpath:jdbc.properties"/>
	
	<context:component-scan base-package="com.lqy.ssm" use-default-filters="false">
		<context:exclude-filter type="annotation" expression="org.springframework.stereotype.Controller"/>
	</context:component-scan>
	
	<!-- druid配置数据源 -->
	<bean id="dataSource" class="com.alibaba.druid.pool.DruidDataSource" init-method="init" destroy-method="close"> 
	     <!-- 基本属性 url、user、password -->
	     <property name="driverClassName" value="${jdbc_driver_class_name}" />
	     <property name="url" value="${jdbc_url}" />
	     <property name="username" value="${jdbc_username}" />
	     <property name="password" value="${jdbc_password}" />
	
	     <!-- 配置监控统计拦截的filters -->
	     <property name="filters" value="stat" />
	
	     <!-- 配置初始化大小、最小、最大 -->
	     <property name="maxActive" value="20" />
	     <property name="initialSize" value="1" />
	     <property name="minIdle" value="1" />
	
	     <!-- 配置获取连接等待超时的时间 -->
	     <property name="maxWait" value="60000" />     
	
	     <!-- 配置间隔多久才进行一次检测，检测需要关闭的空闲连接，单位是毫秒 -->
	     <property name="timeBetweenEvictionRunsMillis" value="60000" />
	
	     <!-- 配置一个连接在池中最小生存的时间，单位是毫秒 -->
	     <property name="minEvictableIdleTimeMillis" value="300000" />
	
	     <property name="testWhileIdle" value="true" />
	     <property name="testOnBorrow" value="false" />
	     <property name="testOnReturn" value="false" />
	
	     <!-- 打开PSCache，并且指定每个连接上PSCache的大小 -->
	     <property name="poolPreparedStatements" value="true" />
	     <property name="maxOpenPreparedStatements" value="20" />
	 </bean>
	 
	 <bean id="sqlSessionFactoryBean" class="org.mybatis.spring.SqlSessionFactoryBean">
	 	<!-- 指定mybatis全局配置文件，已经不需要 -->
	 	<!-- <property name="configLocation" value="classpath:mybatis.xml"></property> -->
	 	<property name="dataSource" ref="dataSource"></property>
	 	<!-- 指定Mybatis mapper文件的位置 -->
	 	<property name="mapperLocations" value="classpath:mapper/*.xml"></property>
	 	<!-- <property name="typeAliasesPackage" value="com.lqy.ssm.bean"></property> -->
	 	<property name="plugins">
	        <array>
	        	<!-- 配置pagehelper分页插件，使用见：https://pagehelper.github.io/docs/howtouse/ -->
	            <bean class="com.github.pagehelper.PageInterceptor">
	            	<property name="properties">
	            		<value>
                            helperDialect=mysql
                            reasonable=true
                            supportMethodsArguments=true
                            params=count=countSql
                            autoRuntimeDialect=true
                        </value>
	            	</property>
	            </bean>
	        </array>
	    </property>
	 </bean>
	 
	 <!-- 配置一个可以批量执行的sqlSession -->
	 <bean id="sqlSession" class="org.mybatis.spring.SqlSessionTemplate">
	 	<constructor-arg name="sqlSessionFactory" ref="sqlSessionFactoryBean"></constructor-arg>
	 	<constructor-arg name="executorType" value="BATCH"></constructor-arg>
	 </bean>
	 

	 <!-- 配置扫描器，将Mybatis接口的实现加入到ioc容器 -->
	 <!-- 
	 <bean  class="org.mybatis.spring.mapper.MapperScannerConfigurer">
	 	<property name="basePackage" value="com.lqy.ssm.dao"></property>
	 	<property name="sqlSessionFactoryBeanName" value="sqlSessionFactoryBean"></property>
	 </bean>
	  -->
	 
	  <!--配置扫描器，将Mybatis接口的实现加入到ioc容器 -->
	 <!-- 使用通用Mapper，见：https://mapperhelper.github.io/docs/1.integration/ -->
	 <bean class="tk.mybatis.spring.mapper.MapperScannerConfigurer">
	    <property name="basePackage" value="com.lqy.ssm.dao"></property>
	</bean>
	
	
	<!-- 配置事务管理器 -->
	<bean id="transactionManager"
		class="org.springframework.jdbc.datasource.DataSourceTransactionManager">
		<property name="dataSource" ref="dataSource"></property>
	</bean>
	
	<!-- 注解方式的事务	<tx:advice id="txAdvice" transaction-manager="transactionManager" proxy-target-class="true"> -->
	<!-- 通过AOP配置提供事务增强，事务如何切入 -->	
	<tx:advice id="txAdvice" transaction-manager="transactionManager">
		<tx:attributes>
			<!-- 让service包下所有Bean的所有方法拥有事务 -->
			<tx:method name="*" />
			<!-- 
			<tx:method name="save*" propagation="REQUIRED" rollback-for="java.lang.Exception" />
			<tx:method name="insert*" propagation="REQUIRED" rollback-for="java.lang.Exception" />
			<tx:method name="update*" propagation="REQUIRED" rollback-for="java.lang.Exception" />
			<tx:method name="delete*" propagation="REQUIRED" rollback-for="java.lang.Exception" />
			<tx:method name="set*" propagation="REQUIRED" rollback-for="java.lang.Exception" />
			 -->
			<tx:method name="find*" propagation="SUPPORTS" read-only="true" />
			<tx:method name="count*" propagation="SUPPORTS" read-only="true" />
			<tx:method name="get*" propagation="SUPPORTS" read-only="true" />
			<tx:method name="select*" propagation="SUPPORTS" read-only="true" />
			<tx:method name="query*" propagation="SUPPORTS" read-only="true" />
			<tx:method name="list*" propagation="SUPPORTS" read-only="true" />
			<tx:method name="page*" propagation="SUPPORTS" read-only="true" />
		</tx:attributes>
	</tx:advice>
	
	<aop:config proxy-target-class="true">
		<!-- 切点表达式 -->
		<aop:pointcut id="serviceMethod" expression=" execution(* com.lqy.ssm.service..*(..))" />
		<!-- 引用到事务增强 -->
		<aop:advisor pointcut-ref="serviceMethod" advice-ref="txAdvice" />
	</aop:config>
	

</beans>
